PERIOD_START,YEAR,MONTH,TMIN_P10,TMIN_P90,TMIN_MIN,TMIN_MAX,TMIN_SUM,TMAX_P10,TMAX_P90,TMAX_MIN,TMAX_MAX,TMAX_SUM,PRCP_P10,PRCP_P90,PRCP_MIN,PRCP_MAX,PRCP_SUM,TMIN_ENTRY_COUNT,TMAX_ENTRY_COUNT,PRCP_ENTRY_COUNT
1970-01-01,1970,1,-5.00,3.30,-10.60,5.60,-9.40,1.80,6.70,-0.60,9.40,138.50,0.00,66.00,0,183,809,31,31,31
1970-02-01,1970,2,-6.10,0.00,-8.90,2.20,-77.90,2.20,8.30,1.10,10.60,152.20,0.00,102.00,0,147,716,28,28,28
1970-03-01,1970,3,-3.90,2.80,-6.70,7.20,-19.90,4.40,11.10,3.30,11.10,226.10,0.00,15.00,0,46,195,31,31,31
1970-04-01,1970,4,-2.80,5.60,-5.00,7.80,18.50,7.20,13.90,3.90,14.40,302.50,0.00,30.00,0,94,381,30,30,30
1970-05-01,1970,5,3.90,10.00,1.70,11.10,218.90,12.20,19.40,10.60,21.10,485.10,0.00,51.00,0,76,386,31,31,31
1970-06-01,1970,6,5.60,11.70,3.30,13.30,258.80,16.10,23.30,14.40,26.10,577.20,0.00,71.00,0,289,827,30,30,30
1970-07-01,1970,7,7.20,12.20,4.40,13.90,290.40,14.40,18.30,12.80,22.20,507.70,0.00,53.00,0,183,707,31,31,31
1970-08-01,1970,8,6.70,13.90,4.40,15.00,317.80,15.00,21.70,13.30,25.60,584.30,0.00,62.00,0,258,634,31,31,31
1970-09-01,1970,9,3.30,10.60,-0.10,12.20,232.80,12.80,17.80,11.70,21.10,464.90,0.00,92.00,0,170,916,30,30,30
1970-10-01,1970,10,1.10,7.80,-1.10,10.00,156.90,8.90,15.00,6.10,15.60,375.20,0.00,91.00,0,193,885,31,31,31
1970-11-01,1970,11,-2.80,5.60,-3.30,6.70,53.00,6.10,10.60,5.00,12.80,238.90,1.00,114.00,0,190,1083,30,30,30
1970-12-01,1970,12,-2.20,3.30,-3.30,6.10,24.90,3.90,10.60,2.20,12.20,200.20,0.00,23.00,0,102,370,31,31,31
1971-01-01,1971,1,-2.80,3.90,-7.80,8.30,29.70,2.80,11.70,0.00,12.80,189.60,0.00,114.00,0,320,1379,31,31,31
1971-02-01,1971,2,-3.90,3.30,-5.60,5.60,8.80,3.30,11.70,2.80,12.20,206.10,0.00,39.00,0,103,467,27,27,28
1971-03-01,1971,3,-4.40,4.40,-5.60,7.20,22.90,5.60,12.20,4.40,13.90,287.80,0.00,28.00,0,112,283,31,31,31
1971-04-01,1971,4,-0.60,5.60,-2.20,7.20,62.50,8.30,16.10,6.10,17.80,363.20,0.00,15.00,0,344,477,30,30,30
1971-05-01,1971,5,1.10,8.90,-1.10,9.40,149.50,11.70,18.30,10.60,20.00,468.80,0.00,83.00,0,143,717,31,31,31
1971-06-01,1971,6,3.30,9.40,1.70,11.10,185.90,13.90,18.30,11.70,22.80,477.90,0.00,43.00,0,80,478,30,30,30
1971-07-01,1971,7,6.10,13.30,5.00,13.90,311.70,15.60,23.30,12.20,26.70,601.10,0.00,192.00,0,204,1274,31,31,31
1971-08-01,1971,8,6.70,12.80,5.00,13.90,308.60,15.60,20.60,13.90,23.90,554.30,0.00,35.00,0,95,394,31,31,31
1971-09-01,1971,9,3.30,11.10,0.00,12.20,246.10,12.80,21.10,11.70,23.90,524.90,0.00,15.00,0,75,264,30,30,30
1971-10-01,1971,10,-0.60,10.60,-4.40,12.20,166.70,10.00,17.80,8.30,18.90,422.90,0.00,122.00,0,166,919,31,31,31
1971-11-01,1971,11,-4.40,7.20,-6.70,10.60,40.90,3.90,13.30,2.80,16.10,252.20,0.00,47.00,0,90,489,30,30,30
1971-12-01,1971,12,-1.70,8.90,-3.90,10.00,101.40,5.00,12.20,3.30,14.40,294.10,0.00,46.00,0,174,651,31,31,31
1972-01-01,1972,1,-2.70,4.00,-9.50,4.80,6.80,1.70,7.50,-0.90,9.00,150.50,1.00,123.00,0,326,1494,31,31,31
1972-02-01,1972,2,-2.90,3.20,-9.50,4.80,5.40,3.50,7.70,2.40,8.60,161.50,0.00,58.00,0,122,638,29,29,29
1972-03-01,1972,3,-2.80,3.30,-6.40,8.20,22.50,5.20,11.80,4.60,13.80,267.40,0.00,67.00,0,126,654,31,31,31
1972-04-01,1972,4,0.60,6.00,-1.00,8.70,105.80,10.10,14.60,9.10,19.30,374.60,0.00,48.00,0,88,469,30,30,30
1972-05-01,1972,5,2.80,7.90,0.20,9.60,170.70,11.40,15.80,10.20,18.50,419.30,0.00,77.00,0,199,967,31,31,31
1972-06-01,1972,6,3.80,9.00,1.70,10.30,187.30,12.40,17.10,11.40,20.00,449.20,0.00,74.00,0,95,609,30,30,30
1972-07-01,1972,7,5.40,12.80,3.70,13.50,289.20,15.30,26.00,13.20,28.40,597.00,0.00,34.00,0,161,491,31,31,31
1972-08-01,1972,8,6.00,11.70,3.40,13.20,282.40,15.70,20.30,14.40,21.50,551.90,0.00,63.00,0,150,518,31,31,31
1972-09-01,1972,9,-0.90,8.80,-1.70,10.30,172.50,13.00,19.30,11.30,23.40,472.80,0.00,2.00,0,24,51,30,30,30
1972-10-01,1972,10,1.10,8.80,-1.20,12.00,162.20,10.90,16.60,9.00,18.20,414.70,0.00,17.00,0,97,265,31,31,31
1972-11-01,1972,11,-6.00,2.90,-7.00,9.40,-11.70,3.60,11.50,1.90,18.60,231.00,0.00,70.00,0,133,743,30,30,30
1972-12-01,1972,12,-5.00,4.00,-11.10,6.90,-8.00,2.90,10.50,0.50,11.60,205.40,0.00,116.00,0,191,1233,31,31,31
1973-01-01,1973,1,-3.10,3.40,-8.50,7.20,19.30,2.20,10.20,-0.20,11.40,176.80,0.00,41.00,0,207,624,31,31,31
1973-02-01,1973,2,-8.20,2.90,-10.70,5.00,-53.20,2.50,11.30,0.10,13.20,186.50,0.00,32.00,0,73,329,28,28,28
1973-03-01,1973,3,-3.80,4.00,-5.70,8.50,-2.30,7.70,13.50,3.50,15.00,316.90,0.00,24.00,0,111,309,31,31,31
1973-04-01,1973,4,-2.00,5.50,-5.40,7.00,52.20,7.00,14.00,4.90,16.50,312.60,0.00,48.00,0,134,553,30,30,30
1973-05-01,1973,5,-0.10,9.80,-3.10,11.40,149.90,10.70,18.30,7.50,20.50,420.60,0.00,41.00,0,160,571,31,31,31
1973-06-01,1973,6,4.80,12.80,1.30,15.00,265.80,15.10,20.80,11.00,23.90,531.70,0.00,22.00,0,249,423,30,30,30
1973-07-01,1973,7,5.20,14.00,3.00,14.50,321.90,16.60,22.00,14.50,23.70,599.00,0.00,62.00,0,79,449,31,31,31
1973-08-01,1973,8,6.00,13.10,2.10,15.10,304.80,14.80,22.30,13.10,25.50,557.60,0.00,50.00,0,97,517,31,31,31
1973-09-01,1973,9,3.70,12.00,2.00,14.60,238.80,12.00,20.50,10.90,21.50,481.50,0.00,25.00,0,146,371,30,30,30
1973-10-01,1973,10,-1.00,10.60,-3.60,11.20,123.40,6.70,14.80,4.40,21.80,346.60,0.00,35.00,0,253,497,31,31,31
1973-11-01,1973,11,-5.00,5.90,-6.60,9.20,9.50,1.60,11.30,-1.10,15.40,220.40,0.00,60.00,0,167,686,30,30,30
1973-12-01,1973,12,-6.00,2.50,-10.70,8.20,-24.00,2.20,11.30,1.60,12.60,194.20,0.00,76.00,0,197,849,31,31,31
1974-01-01,1974,1,-1.00,4.00,-1.30,9.00,37.10,4.90,10.50,2.80,12.20,221.00,2.00,181.00,0,226,2364,31,31,31
1974-02-01,1974,2,-3.10,4.00,-3.90,4.50,24.90,3.20,10.70,1.50,13.10,193.70,0.00,72.00,0,138,665,28,28,28
1974-03-01,1974,3,-2.80,4.40,-6.00,5.40,24.40,4.30,11.40,3.00,15.30,239.30,0.00,47.00,0,139,637,31,31,31
1974-04-01,1974,4,-1.20,5.10,-2.40,6.70,38.90,9.40,17.60,5.70,19.20,403.50,0.00,5.00,0,45,80,30,30,30
1974-05-01,1974,5,0.90,9.00,-1.90,10.60,165.90,11.20,17.50,9.20,21.70,446.90,0.00,60.00,0,120,577,31,31,31
1974-06-01,1974,6,4.90,10.90,3.50,12.60,231.00,14.10,22.80,12.50,23.50,534.40,0.00,31.00,0,101,295,30,30,30
1974-07-01,1974,7,5.00,12.50,2.10,13.50,279.10,15.00,19.10,13.50,20.70,529.30,0.00,30.00,0,225,501,31,31,31
1974-08-01,1974,8,5.60,12.60,3.30,13.00,268.40,16.00,19.30,14.50,22.80,542.10,0.00,90.00,0,179,809,31,31,31
1974-09-01,1974,9,1.70,9.80,-2.30,12.70,180.30,11.10,16.20,10.20,18.30,420.30,0.00,45.00,0,100,505,30,30,30
1974-10-01,1974,10,0.50,7.10,-2.10,8.40,115.30,7.40,12.80,4.40,13.70,323.60,0.00,30.00,0,65,306,31,31,31
1974-11-01,1974,11,-2.30,4.80,-3.20,6.50,42.10,6.00,11.00,4.70,13.40,254.30,0.00,104.00,0,359,1211,30,30,30
1974-12-01,1974,12,-1.50,7.20,-3.70,9.00,68.90,3.90,12.00,2.70,12.60,259.10,1.00,124.00,0,265,1575,31,31,31
1975-01-01,1975,1,-3.30,4.80,-6.00,6.90,11.60,3.70,10.70,2.00,11.70,224.60,0.00,123.00,0,180,1771,31,31,31
1975-02-01,1975,2,-2.70,3.40,-4.70,5.30,-4.70,2.30,8.70,1.00,11.30,142.30,0.00,20.00,0,78,248,28,28,28
1975-03-01,1975,3,-3.50,2.40,-6.00,3.20,-13.50,6.20,9.80,3.50,11.20,247.90,0.00,42.00,0,50,254,31,31,31
1975-04-01,1975,4,-1.50,7.60,-5.10,12.00,96.40,7.80,18.20,2.80,20.60,334.70,0.00,35.00,0,98,577,30,30,30
1975-05-01,1975,5,0.60,8.00,-1.60,9.40,112.60,11.20,17.90,9.10,19.80,454.50,0.00,19.00,0,69,219,31,31,31
1975-06-01,1975,6,3.70,12.00,0.10,14.00,230.20,13.10,23.00,10.70,26.20,567.40,0.00,132.00,0,223,817,30,30,30
1975-07-01,1975,7,7.00,14.00,5.10,15.60,347.00,16.10,22.20,15.50,24.80,589.50,0.00,156.00,0,204,1280,31,31,31
1975-08-01,1975,8,6.60,15.40,4.70,16.50,357.20,16.50,27.50,13.90,28.50,663.10,0.00,55.00,0,132,526,31,31,31
1975-09-01,1975,9,2.90,10.40,-1.80,12.50,197.50,11.80,17.00,7.10,20.80,436.00,0.00,101.00,0,255,1090,30,30,30
1975-10-01,1975,10,2.00,8.80,-1.00,11.70,172.30,9.60,15.50,7.80,16.60,383.30,0.00,57.00,0,82,432,31,31,31
1975-11-01,1975,11,-3.10,3.80,-5.00,7.10,21.90,5.10,10.80,3.70,14.10,234.90,0.00,42.00,0,119,551,30,30,30
1975-12-01,1975,12,-1.80,7.20,-5.70,8.70,66.40,5.50,11.50,-0.30,12.20,270.60,0.00,31.00,0,64,240,31,31,31
1976-01-01,1976,1,-3.80,6.00,-8.00,8.90,16.00,2.30,11.30,1.60,13.10,202.10,0.00,140.00,0,220,1215,31,31,31
1976-02-01,1976,2,-2.50,5.40,-3.60,7.80,25.40,2.80,11.40,2.20,13.00,197.30,0.00,44.00,0,92,432,29,29,29
1976-03-01,1976,3,-2.50,2.60,-3.10,8.10,27.20,3.10,9.50,1.90,12.50,200.80,0.00,82.00,0,111,922,31,31,31
1976-04-01,1976,4,-1.10,6.90,-2.00,9.80,88.60,9.50,15.20,7.50,17.00,371.60,0.00,21.00,0,54,211,30,30,30
1976-05-01,1976,5,2.50,9.40,0.70,12.30,191.90,10.70,17.60,8.90,19.10,423.60,0.00,96.00,0,191,1095,31,31,31
1976-06-01,1976,6,6.70,13.10,3.10,15.20,287.60,14.90,23.70,12.20,25.80,575.70,0.00,17.00,0,96,280,30,30,30
1976-07-01,1976,7,7.30,14.00,5.00,15.00,327.50,16.80,25.40,16.30,28.10,645.80,0.00,87.00,0,153,645,31,31,31
1976-08-01,1976,8,6.00,12.50,4.30,14.20,269.70,17.30,25.80,15.40,28.30,663.30,0.00,9.00,0,42,89,31,31,31
1976-09-01,1976,9,4.90,11.60,2.80,12.80,254.40,12.80,18.90,9.60,20.20,442.50,0.00,73.00,0,367,1033,30,30,30
1976-10-01,1976,10,0.50,10.40,-1.40,12.00,159.60,9.50,13.80,9.00,14.30,354.20,0.00,135.00,0,197,1569,31,31,31
1976-11-01,1976,11,-3.30,4.40,-4.20,8.50,25.10,3.20,10.40,1.70,11.20,212.30,0.00,118.00,0,187,892,30,30,30
1976-12-01,1976,12,-6.60,1.70,-9.90,3.80,-58.60,0.80,5.20,-0.20,5.90,89.30,0.00,59.00,0,113,635,31,31,31
1977-01-01,1977,1,-10.50,2.00,-11.50,4.00,-91.30,1.10,7.80,-5.60,9.90,118.90,0.00,53.00,0,80,499,31,31,31
1977-02-01,1977,2,-4.60,2.00,-6.50,2.40,-22.70,3.50,6.60,2.40,7.30,141.10,0.00,56.00,0,89,580,28,28,28
1977-03-01,1977,3,-1.80,4.00,-4.00,5.50,43.60,5.50,10.90,4.30,12.70,270.70,0.00,80.00,0,218,1123,31,31,31
1977-04-01,1977,4,-1.60,5.00,-2.50,8.50,63.60,7.60,12.50,6.10,13.80,302.90,0.00,53.00,0,107,461,30,30,30
1977-05-01,1977,5,0.60,8.50,-0.10,11.10,133.30,9.10,21.30,7.90,24.80,454.40,0.00,31.00,0,111,440,31,31,31
1977-06-01,1977,6,3.60,9.60,2.10,11.80,196.40,13.50,23.00,8.80,23.50,517.40,0.00,44.00,0,60,325,30,30,30
1977-07-01,1977,7,7.30,11.70,5.40,12.60,307.50,17.00,26.70,14.80,29.00,638.90,0.00,20.00,0,109,328,31,31,31
1977-08-01,1977,8,4.20,13.60,0.20,15.60,253.40,16.00,21.40,14.50,23.00,569.20,0.00,55.00,0,182,598,31,31,31
1977-09-01,1977,9,1.70,10.60,-0.80,12.20,207.20,13.00,18.00,10.20,19.50,458.00,0.00,75.00,0,168,725,30,30,30
1977-10-01,1977,10,1.90,9.80,0.40,11.40,216.00,11.10,15.10,7.50,15.40,399.00,0.00,55.00,0,213,917,31,31,31
1977-11-01,1977,11,-4.60,3.80,-8.00,7.00,18.80,1.00,10.60,-1.20,14.00,195.00,0.00,110.00,0,162,1264,30,30,30
1977-12-01,1977,12,-1.20,4.10,-7.80,6.10,46.00,4.40,9.30,3.80,11.30,218.90,0.00,69.00,0,99,574,31,31,31
1978-01-01,1978,1,-10.00,1.10,-10.60,5.70,-89.30,0.80,8.30,-0.80,9.60,125.30,0.00,65.00,0,181,841,31,31,31
1978-02-01,1978,2,-11.20,1.70,-12.20,2.70,-107.40,0.80,5.80,-0.30,8.30,86.40,0.00,46.00,0,118,634,28,28,28
1978-03-01,1978,3,-1.60,5.50,-3.20,7.20,41.10,6.50,10.20,6.10,13.70,265.70,0.00,110.00,0,144,1181,31,31,31
1978-04-01,1978,4,-1.80,5.60,-4.10,6.50,58.60,5.60,13.40,4.70,13.70,279.30,0.00,23.00,0,109,323,30,30,30
1978-05-01,1978,5,1.80,9.50,-1.40,11.70,163.00,11.70,22.80,9.70,25.50,532.50,0.00,40.00,0,119,360,31,31,31
1978-06-01,1978,6,5.00,11.60,2.90,12.40,245.90,13.90,22.20,11.80,25.50,516.30,0.00,63.00,0,161,525,30,30,30
1978-07-01,1978,7,7.20,11.50,3.80,14.50,294.50,14.70,20.20,12.40,23.90,548.80,0.00,30.00,0,135,405,31,31,31
1978-08-01,1978,8,7.20,13.00,5.10,13.50,333.20,15.90,20.40,13.90,21.10,550.10,0.00,74.00,0,130,750,31,31,31
1978-09-01,1978,9,6.60,12.20,5.20,13.40,283.30,13.00,17.90,10.10,18.10,459.20,0.00,72.00,0,134,758,30,30,30
1978-10-01,1978,10,3.30,10.00,1.50,13.50,208.00,11.10,16.50,9.80,17.70,424.50,0.00,31.00,0,77,306,31,31,31
1978-11-01,1978,11,-2.60,7.70,-4.60,10.50,82.70,2.10,14.10,0.70,15.10,284.20,0.00,185.00,0,257,1336,30,30,30
1978-12-01,1978,12,-5.50,4.90,-7.30,8.50,26.60,0.00,7.00,-3.10,9.80,135.10,0.00,151.00,0,358,1432,31,31,31
1979-01-01,1979,1,-11.20,0.40,-13.00,1.50,-155.90,0.30,5.10,-5.40,9.80,70.90,0.00,70.00,0,141,621,31,31,31
1979-02-01,1979,2,-11.10,1.00,-11.90,2.50,-127.90,0.20,7.30,-1.50,9.90,95.80,0.00,11.00,0,46,133,28,28,28
1979-03-01,1979,3,-3.30,2.30,-8.80,5.00,-12.40,3.50,8.90,2.30,12.50,197.40,0.00,72.00,0,94,796,31,31,31
1979-04-01,1979,4,-2.00,6.30,-4.40,8.70,76.50,6.20,12.70,5.30,15.30,299.40,0.00,49.00,0,153,559,30,30,30
1979-05-01,1979,5,-0.70,8.20,-2.40,13.00,117.00,8.60,17.00,6.70,19.70,392.80,0.00,74.00,0,163,784,31,31,31
1979-06-01,1979,6,5.80,12.60,2.90,13.50,268.80,14.00,22.10,12.70,25.10,529.30,0.00,34.00,0,102,383,30,30,30
1979-07-01,1979,7,6.00,13.10,4.70,14.60,311.80,16.00,22.20,14.50,23.50,576.70,0.00,52.00,0,192,671,31,31,31
1979-08-01,1979,8,5.00,11.90,3.80,13.40,271.70,14.40,19.60,13.70,21.20,529.60,0.00,114.00,0,262,922,31,31,31
1979-09-01,1979,9,1.20,11.50,-0.40,13.50,213.40,12.80,18.20,9.70,19.40,458.70,0.00,19.00,0,57,221,30,30,30
1979-10-01,1979,10,1.60,10.60,-0.80,12.20,220.90,9.30,14.50,5.80,16.80,367.90,0.00,92.00,0,140,982,31,31,31
1979-11-01,1979,11,-4.50,3.80,-6.50,10.70,2.40,3.10,13.70,0.80,16.20,254.10,0.00,60.00,0,130,818,30,30,30
1979-12-01,1979,12,-4.00,4.80,-5.60,5.90,3.00,1.30,8.30,-0.30,12.10,155.00,0.00,107.00,0,315,1225,31,31,31
1980-01-01,1980,1,-6.50,1.30,-8.90,2.20,-42.50,1.20,5.10,0.00,7.80,98.50,0.00,62.00,0,212,765,31,31,31
1980-02-01,1980,2,-1.90,4.30,-7.10,6.50,30.50,2.70,10.00,0.80,11.40,189.60,0.00,48.00,0,183,644,29,29,29
1980-03-01,1980,3,-4.80,2.30,-7.50,3.00,-16.50,3.10,9.30,1.30,12.10,198.00,0.00,111.00,0,157,1013,31,31,31
1980-04-01,1980,4,0.50,5.90,-1.50,8.40,101.80,10.90,16.10,9.50,17.20,405.10,0.00,2.00,0,14,27,30,30,30
1980-05-01,1980,5,-1.00,9.20,-2.50,10.30,106.10,11.70,22.20,9.70,24.00,514.90,0.00,10.00,0,110,233,31,31,31
1980-06-01,1980,6,5.80,11.70,1.80,14.50,263.00,15.00,20.00,13.60,24.70,521.80,0.00,47.00,0,214,901,30,30,30
1980-07-01,1980,7,6.40,14.60,2.80,15.40,304.40,14.90,20.00,14.20,22.10,539.90,0.00,123.00,0,216,950,31,31,31
1980-08-01,1980,8,5.80,13.90,3.70,15.40,326.90,15.50,20.60,13.30,22.00,553.30,0.00,76.00,0,205,885,31,31,31
1980-09-01,1980,9,6.00,12.50,4.00,14.50,277.80,14.00,18.40,13.20,19.10,478.80,1.00,81.00,0,186,941,30,30,30
1980-10-01,1980,10,-1.10,6.90,-4.40,9.80,99.00,7.40,13.10,4.70,14.10,319.60,0.00,63.00,0,106,650,31,31,31
1980-11-01,1980,11,-2.70,4.60,-5.20,6.80,52.20,4.30,12.70,3.90,13.90,255.70,0.00,89.00,0,104,911,30,30,30
1980-12-01,1980,12,-2.60,6.10,-4.60,6.90,32.00,2.00,11.50,1.20,13.60,228.00,1.00,70.00,0,113,805,31,31,31
1981-01-01,1981,1,-6.60,2.60,-8.30,7.10,-30.50,2.70,10.00,0.50,10.60,195.60,0.00,73.00,0,96,714,31,31,31
1981-02-01,1981,2,-3.90,4.70,-4.90,7.30,-7.80,2.60,7.60,1.10,12.60,148.80,0.00,71.00,0,166,501,28,28,28
1981-03-01,1981,3,-1.10,4.50,-2.80,7.20,41.80,5.20,13.10,2.50,16.10,280.00,0.00,93.00,0,165,890,31,31,31
1981-04-01,1981,4,-2.00,4.80,-4.00,10.00,33.30,8.80,16.60,6.00,19.10,391.20,0.00,4.00,0,68,93,30,30,30
1981-05-01,1981,5,2.00,10.00,-3.10,11.20,200.70,10.70,19.00,9.40,22.70,482.90,0.00,56.00,0,255,895,31,31,31
1981-06-01,1981,6,5.20,11.00,3.00,13.30,250.40,13.90,18.30,12.20,23.80,488.30,0.00,49.00,0,93,490,30,30,30
1981-07-01,1981,7,6.50,12.50,5.00,14.60,305.70,15.60,20.70,14.70,21.80,556.90,0.00,37.00,0,106,448,31,31,31
1981-08-01,1981,8,6.50,13.60,3.50,15.80,318.50,15.90,22.80,14.50,23.70,600.60,0.00,13.00,0,69,144,31,31,31
1981-09-01,1981,9,4.50,11.80,3.70,14.50,252.90,13.00,20.50,10.00,21.60,484.60,0.00,130.00,0,449,1592,30,30,30
1981-10-01,1981,10,-2.70,5.00,-4.30,8.80,37.70,7.40,11.80,4.40,13.10,295.20,0.00,67.00,0,179,882,31,31,31
1981-11-01,1981,11,-2.00,5.30,-3.00,7.70,47.50,3.30,13.20,2.20,14.00,243.40,0.00,85.00,0,188,1042,30,30,30
1981-12-01,1981,12,-14.00,1.30,-16.20,4.30,-172.40,-1.90,4.80,-9.30,11.40,60.10,0.00,70.00,0,178,735,31,31,31
1982-01-01,1982,1,-17.40,2.70,-19.60,5.50,-120.90,-3.40,9.00,-10.90,12.90,109.10,0.00,44.00,0,200,625,31,31,31
1982-02-01,1982,2,-2.70,4.00,-5.30,5.40,19.80,3.70,9.70,1.70,11.00,195.60,0.00,44.00,0,158,599,28,28,28
1982-03-01,1982,3,-2.20,2.80,-3.10,3.90,16.20,6.50,12.70,4.40,16.40,282.70,0.00,54.00,0,143,676,31,31,31
1982-04-01,1982,4,-0.50,6.40,-1.20,7.50,93.20,8.60,15.70,6.30,19.20,377.90,0.00,16.00,0,146,266,30,30,30
1982-05-01,1982,5,-0.20,8.30,-2.30,10.70,115.00,9.10,19.00,6.50,24.40,483.70,0.00,36.00,0,216,481,31,31,31
1982-06-01,1982,6,6.00,11.60,1.70,14.00,267.60,13.00,24.60,11.60,29.00,504.20,0.00,29.00,0,66,267,30,30,30
1982-07-01,1982,7,7.70,12.40,4.50,14.20,315.80,16.10,25.30,15.00,27.50,652.90,0.00,26.00,0,98,282,31,31,31
1982-08-01,1982,8,5.80,14.80,1.10,16.10,301.80,15.30,22.30,13.80,26.70,564.70,0.00,88.00,0,545,1554,31,31,31
1982-09-01,1982,9,3.70,11.00,-0.20,13.40,211.30,12.10,19.20,9.40,23.00,460.50,0.00,116.00,0,237,1494,30,30,30
1982-10-01,1982,10,-0.30,8.30,-1.60,9.10,166.10,10.40,13.60,9.40,15.20,364.90,0.00,151.00,0,177,1603,31,31,31
1982-11-01,1982,11,-2.00,7.70,-2.70,8.90,51.20,4.50,11.00,2.90,12.70,233.00,0.00,139.00,0,274,1566,30,30,30
1982-12-01,1982,12,-6.10,2.30,-8.50,5.50,-40.80,1.80,9.20,0.00,12.00,169.60,0.00,161.00,0,204,1187,31,31,31
1983-01-01,1983,1,-1.10,6.00,-4.20,7.80,57.80,4.10,11.00,1.80,12.10,230.90,1.00,88.00,0,230,1456,31,31,31
1983-02-01,1983,2,-8.70,0.00,-9.50,1.50,-101.30,2.60,5.90,-0.60,7.10,117.70,0.00,40.00,0,127,399,28,28,28
1983-03-01,1983,3,-1.10,7.10,-3.00,8.70,73.50,5.50,12.60,4.00,12.90,281.60,0.00,46.00,0,124,658,31,31,31
1983-04-01,1983,4,-2.60,5.50,-4.00,6.80,32.80,6.40,12.80,5.50,14.30,289.40,0.00,42.00,0,230,490,30,30,30
1983-05-01,1983,5,3.30,7.00,1.00,7.40,168.70,9.30,14.70,8.00,15.90,370.00,0.00,127.00,0,180,1233,31,31,31
1983-06-01,1983,6,5.80,10.70,3.50,11.40,237.20,12.70,22.50,9.40,25.90,507.50,0.00,73.00,0,154,650,30,30,30
1983-07-01,1983,7,9.00,14.80,8.40,15.40,370.90,18.00,27.10,14.80,30.00,674.90,0.00,3.00,0,34,46,31,31,31
1983-08-01,1983,8,8.10,14.10,5.70,15.70,356.30,18.90,24.80,17.40,26.90,666.20,0.00,17.00,0,86,180,31,31,31
1983-09-01,1983,9,3.90,11.00,-1.10,12.90,223.80,12.30,16.50,10.50,20.50,427.00,0.00,103.00,0,265,1123,30,30,30
1983-10-01,1983,10,-2.30,9.80,-4.00,13.00,137.00,8.70,15.10,5.90,17.40,372.50,0.00,92.00,0,227,1164,31,31,31
1983-11-01,1983,11,-2.00,7.50,-6.40,9.50,73.10,3.80,12.00,1.90,14.60,260.60,0.00,13.00,0,77,187,30,30,30
1983-12-01,1983,12,-4.40,6.50,-5.20,8.40,37.00,4.10,12.00,1.70,14.40,241.90,0.00,76.00,0,91,829,31,31,31
1984-01-01,1984,1,-9.50,0.90,-16.50,3.80,-100.50,0.00,6.00,-3.00,11.40,94.00,0.00,118.00,0,174,1319,31,31,31
1984-02-01,1984,2,-1.70,2.50,-6.50,4.00,13.10,3.00,7.90,2.10,10.50,167.50,0.00,72.00,0,104,718,29,29,29
1984-03-01,1984,3,-2.00,3.00,-5.00,5.30,23.30,4.20,10.50,3.50,12.20,224.00,0.00,68.00,0,385,928,31,31,31
1984-04-01,1984,4,-1.20,5.50,-4.40,7.50,70.70,8.40,20.80,6.80,23.50,395.70,0.00,10.00,0,61,156,30,30,30
1984-05-01,1984,5,-0.70,8.20,-1.40,11.00,119.20,12.50,19.50,11.10,23.30,491.10,0.00,17.00,0,164,373,31,31,31
1984-06-01,1984,6,7.30,12.70,6.20,15.10,299.90,14.60,22.90,12.60,25.80,553.20,0.00,32.00,0,109,388,30,30,30
1984-07-01,1984,7,8.10,13.50,5.90,14.20,324.10,18.00,25.60,16.80,27.40,673.90,0.00,24.00,0,97,292,31,31,31
1984-08-01,1984,8,6.50,13.00,5.50,14.70,317.00,17.80,24.50,13.10,28.70,655.30,0.00,8.00,0,89,144,31,31,31
1984-09-01,1984,9,4.80,10.50,0.00,12.70,231.70,12.10,17.30,9.80,18.70,439.80,0.00,85.00,0,425,1063,30,30,30
1984-10-01,1984,10,0.40,6.00,-0.20,7.50,122.60,9.80,15.10,9.30,16.20,385.90,1.00,86.00,0,229,1230,31,31,31
1984-11-01,1984,11,1.60,7.20,-5.60,8.80,114.00,6.10,10.90,2.30,11.10,245.90,1.00,131.00,0,391,1899,30,30,30
1984-12-01,1984,12,-1.50,5.20,-7.00,8.20,52.80,4.00,11.20,0.50,12.00,217.10,0.00,83.00,0,154,1006,31,31,31
1985-01-01,1985,1,-10.00,0.90,-13.00,3.10,-82.40,-1.00,7.50,-3.80,8.40,100.10,0.00,28.00,0,258,631,31,31,31
1985-02-01,1985,2,-3.80,2.90,-9.80,6.30,-28.90,0.90,10.50,-0.50,12.70,152.90,0.00,11.00,0,44,132,28,28,28
1985-03-01,1985,3,-3.90,3.60,-6.80,5.80,1.80,3.40,10.40,1.70,11.20,216.10,0.00,47.00,0,104,499,31,31,31
1985-04-01,1985,4,-0.30,6.00,-1.00,6.60,80.30,7.00,14.30,5.00,16.90,326.70,0.00,45.00,0,117,707,30,30,30
1985-05-01,1985,5,2.30,8.80,0.00,11.60,160.10,11.50,18.60,9.00,21.80,461.40,0.00,67.00,0,142,538,31,31,31
1985-06-01,1985,6,2.80,9.60,0.50,11.50,190.00,12.70,18.30,12.00,22.00,472.10,0.00,51.00,0,126,526,30,30,30
1985-07-01,1985,7,5.30,13.30,4.30,14.00,313.30,15.00,19.90,14.00,23.00,541.80,0.00,66.00,0,494,1171,31,31,31
1985-08-01,1985,8,6.00,11.50,2.80,12.20,275.50,14.10,17.70,13.70,19.10,497.20,1.00,139.00,0,171,1559,31,31,31
1985-09-01,1985,9,3.80,10.20,2.70,11.80,228.20,10.30,18.50,8.80,20.00,431.30,0.00,126.00,0,219,1094,30,30,30
1985-10-01,1985,10,0.10,10.70,-0.60,14.30,158.90,8.90,15.60,7.90,17.10,391.90,0.00,43.00,0,173,523,31,31,31
1985-11-01,1985,11,-4.80,2.40,-12.60,5.00,-44.00,2.50,10.00,-4.50,13.10,161.40,0.00,114.00,0,228,1063,30,30,30
1985-12-01,1985,12,-6.50,4.50,-11.70,5.70,-2.90,1.00,11.90,-1.10,12.60,188.40,0.00,90.00,0,218,1174,31,31,31
1986-01-01,1986,1,-6.30,2.40,-9.50,3.20,-46.50,0.90,7.70,-0.20,9.20,126.00,0.00,120.00,0,222,1303,31,31,31
1986-02-01,1986,2,-8.00,0.60,-9.30,1.50,-103.70,0.40,4.00,-0.10,4.70,58.90,0.00,11.00,0,90,214,28,28,28
1986-03-01,1986,3,-4.50,4.30,-11.20,8.20,-2.10,6.00,10.30,2.40,11.20,245.00,0.00,105.00,0,166,912,31,31,31
1986-04-01,1986,4,-2.20,3.50,-4.40,4.50,8.00,5.50,11.90,3.80,16.80,276.70,0.00,28.00,0,105,270,30,30,30
1986-05-01,1986,5,2.00,8.30,0.30,10.40,177.40,11.50,15.50,9.70,18.00,408.30,0.00,102.00,0,162,1226,31,31,31
1986-06-01,1986,6,4.50,11.60,3.00,11.80,246.40,14.10,23.40,12.00,26.20,556.20,0.00,29.00,0,138,356,30,30,30
1986-07-01,1986,7,5.60,12.50,3.80,15.40,303.40,15.70,21.00,14.30,23.00,545.60,0.00,32.00,0,199,460,31,31,31
1986-08-01,1986,8,4.80,11.10,1.30,12.30,257.90,13.90,18.10,13.20,19.30,490.70,0.00,117.00,0,173,827,31,31,31
1986-09-01,1986,9,-0.20,11.40,-1.70,12.70,166.90,13.40,17.20,11.10,20.60,455.80,0.00,13.00,0,39,112,30,30,30
1986-10-01,1986,10,0.70,9.50,-0.70,12.20,159.70,7.60,15.60,6.40,16.80,378.30,0.00,101.00,0,130,856,31,31,31
1986-11-01,1986,11,-3.10,5.20,-4.70,9.50,47.90,4.70,12.00,3.30,14.00,281.60,1.00,79.00,0,193,1014,30,30,30
1986-12-01,1986,12,-2.70,3.90,-4.30,8.00,13.40,2.20,9.00,1.20,12.50,167.90,1.00,165.00,0,254,1625,31,31,31
1987-01-01,1987,1,-8.50,2.00,-11.20,3.20,-72.50,-1.00,7.50,-4.10,10.40,96.20,0.00,46.00,0,110,377,31,31,31
1987-02-01,1987,2,-6.00,1.20,-7.70,5.50,-34.90,2.70,10.00,1.70,11.80,176.10,0.00,22.00,0,100,269,28,28,28
1987-03-01,1987,3,-4.50,2.20,-8.20,5.60,-16.00,2.90,9.00,2.00,11.00,195.40,0.00,100.00,0,192,964,31,31,31
1987-04-01,1987,4,0.90,6.80,-3.20,9.40,111.30,6.30,20.90,5.70,22.10,392.40,0.00,17.00,0,104,259,30,30,30
1987-05-01,1987,5,2.50,8.20,0.30,9.30,165.80,11.00,17.50,8.20,18.70,438.50,0.00,55.00,0,79,482,31,31,31
1987-06-01,1987,6,4.60,10.30,3.60,11.30,226.40,11.90,17.60,10.50,20.70,444.50,0.00,67.00,0,168,810,30,30,30
1987-07-01,1987,7,8.40,13.00,5.80,14.50,335.40,15.50,23.00,15.40,25.80,590.80,0.00,61.00,0,172,634,31,31,31
1987-08-01,1987,8,4.70,13.20,2.70,15.20,308.30,15.80,20.70,14.80,21.90,557.40,0.00,101.00,0,247,955,31,31,31
1987-09-01,1987,9,3.40,10.60,0.70,12.20,203.70,11.80,16.60,11.20,19.30,439.00,0.00,78.00,0,125,884,30,30,30
1987-10-01,1987,10,-0.30,8.00,-2.10,9.70,109.00,7.90,11.60,3.70,13.20,299.30,0.00,84.00,0,148,783,31,31,31
1987-11-01,1987,11,-0.50,5.70,-3.50,7.30,84.10,4.80,10.80,1.20,12.80,220.80,0.00,37.00,0,85,369,30,30,30
1987-12-01,1987,12,-6.10,4.90,-7.00,5.90,4.90,0.60,11.90,-1.20,12.70,210.10,0.00,60.00,0,162,751,31,31,31
1988-01-01,1988,1,-3.80,3.10,-5.00,4.80,-9.00,3.20,7.50,0.40,11.00,166.70,0.00,87.00,0,120,1000,31,31,31
1988-02-01,1988,2,-1.50,3.50,-3.50,5.20,25.20,3.80,9.10,2.20,11.40,186.10,0.00,48.00,0,145,694,29,29,29
1988-03-01,1988,3,-2.40,3.90,-6.50,4.40,16.10,3.80,11.10,3.30,12.80,247.50,0.00,87.00,0,234,1129,31,31,31
1988-04-01,1988,4,-1.30,6.30,-5.70,9.00,79.00,7.50,14.20,3.70,17.80,328.30,0.00,42.00,0,142,450,30,30,30
1988-05-01,1988,5,2.40,8.20,1.00,9.20,163.00,11.50,18.40,9.80,21.10,469.10,0.00,49.00,0,88,399,31,31,31
1988-06-01,1988,6,5.50,12.40,3.50,14.50,285.50,16.00,22.80,14.00,24.60,587.80,0.00,15.00,0,38,135,30,30,30
1988-07-01,1988,7,7.70,11.90,5.80,13.60,305.80,14.60,17.70,13.70,20.00,513.60,0.00,98.00,0,191,1575,31,31,31
1988-08-01,1988,8,6.70,12.90,3.90,15.00,294.80,15.40,19.20,13.50,23.40,530.70,0.00,79.00,0,176,915,31,31,31
1988-09-01,1988,9,4.60,11.30,-1.20,14.40,240.90,12.50,18.20,10.90,20.80,467.20,0.00,69.00,0,185,693,30,30,30
1988-10-01,1988,10,-0.20,9.80,-2.20,10.30,160.80,8.90,13.70,5.90,15.70,350.30,0.00,120.00,0,339,1425,31,31,31
1988-11-01,1988,11,-2.80,4.50,-5.50,5.70,12.60,4.10,10.40,1.90,12.30,225.60,0.00,44.00,0,107,473,30,30,30
1988-12-01,1988,12,0.60,6.60,-1.50,10.40,93.20,6.60,12.40,2.10,14.40,300.40,0.00,63.00,0,82,507,31,31,31
1989-01-01,1989,1,-1.40,8.00,-2.20,10.00,106.00,6.40,12.40,4.70,13.10,293.90,0.00,82.00,0,188,974,31,31,31
1989-02-01,1989,2,-3.00,4.60,-4.20,8.30,18.50,4.10,12.10,2.10,13.60,212.30,3.00,139.00,0,212,1543,28,28,28
1989-03-01,1989,3,-2.20,4.20,-3.70,4.80,15.00,6.00,11.60,4.90,12.50,264.20,1.00,77.00,0,201,1140,31,31,31
1989-04-01,1989,4,-1.90,5.70,-4.90,6.50,45.80,6.00,13.10,5.00,17.40,289.10,0.00,26.00,0,101,301,30,30,30
1989-05-01,1989,5,2.30,8.60,-1.40,10.80,160.60,11.70,19.40,9.00,22.00,472.50,0.00,15.00,0,161,340,31,31,31
1989-06-01,1989,6,2.40,12.40,0.50,14.30,234.50,13.90,22.50,11.90,27.80,527.50,0.00,59.00,0,122,493,30,30,30
1989-07-01,1989,7,7.50,13.70,5.80,14.00,340.50,18.40,26.10,16.50,27.40,687.80,0.00,19.00,0,44,169,31,31,31
1989-08-01,1989,8,7.20,12.30,3.80,15.40,302.20,16.20,20.80,12.70,21.90,552.30,0.00,97.00,0,158,937,31,31,31
1989-09-01,1989,9,3.30,11.20,0.60,12.20,200.40,13.30,18.10,10.20,18.80,468.80,0.00,47.00,0,180,720,30,30,30
1989-10-01,1989,10,2.00,9.30,-0.50,12.80,172.20,10.80,15.50,9.80,18.20,412.40,0.00,73.00,0,159,979,31,31,31
1989-11-01,1989,11,-2.00,6.50,-8.00,7.80,68.70,4.80,11.00,3.70,13.20,241.70,0.00,29.00,0,123,365,30,30,30
1989-12-01,1989,12,-7.50,1.30,-9.50,3.10,-68.90,2.00,7.00,-0.20,10.40,128.00,0.00,22.00,0,210,514,31,31,31
1990-01-01,1990,1,-2.20,4.00,-2.50,5.20,28.40,3.20,10.50,2.00,12.30,205.00,12.00,113.00,2,230,1729,31,31,31
1990-02-01,1990,2,-1.50,4.70,-2.60,9.40,44.40,3.60,12.00,2.50,13.10,206.00,9.00,176.00,0,212,2390,28,28,28
1990-03-01,1990,3,1.00,8.50,-2.50,9.00,124.80,7.60,13.40,6.50,16.30,328.70,0.00,78.00,0,181,1043,31,31,31
1990-04-01,1990,4,-1.20,6.00,-2.00,9.50,76.20,7.50,17.10,4.50,22.50,354.20,0.00,73.00,0,126,602,30,30,30
1990-05-01,1990,5,2.50,9.40,0.10,11.10,180.10,11.50,20.00,10.50,25.00,494.80,0.00,51.00,0,116,459,31,31,31
1990-06-01,1990,6,4.80,11.50,2.40,12.30,234.20,13.60,19.70,10.70,23.30,505.70,0.00,94.00,0,268,1102,30,30,30
1990-07-01,1990,7,7.10,14.50,3.40,15.80,323.50,15.40,23.90,12.50,24.80,598.80,0.00,33.00,0,55,265,31,31,31
1990-08-01,1990,8,7.70,13.40,5.00,14.40,329.50,16.00,22.20,14.10,27.10,579.40,0.00,45.00,0,95,460,31,31,31
1990-09-01,1990,9,3.80,10.60,2.00,13.00,213.50,11.50,17.90,10.90,20.20,452.30,0.00,43.00,0,82,370,30,30,30
1990-10-01,1990,10,1.20,9.40,-0.40,11.50,197.50,9.50,15.60,4.30,16.00,373.50,0.00,149.00,0,203,1381,31,31,31
1990-11-01,1990,11,-2.90,5.70,-3.90,8.00,54.00,4.80,10.90,2.70,12.50,229.10,0.00,38.00,0,101,361,30,30,30
1990-12-01,1990,12,-2.50,3.90,-4.00,5.30,7.80,2.50,10.50,0.30,12.50,196.20,0.00,159.00,0,165,1334,31,31,31
1991-01-01,1991,1,-6.40,2.00,-10.20,3.10,-60.60,0.60,6.50,-2.50,10.60,121.70,0.00,114.00,0,225,1057,31,31,31
1991-02-01,1991,2,-5.00,0.90,-6.20,1.70,-42.60,2.10,9.20,1.40,11.60,134.70,0.00,51.00,0,131,570,28,28,28
1991-03-01,1991,3,-0.90,5.50,-1.60,6.50,60.70,7.00,13.20,5.50,15.00,319.80,0.00,75.00,0,187,821,31,31,31
1991-04-01,1991,4,-0.20,7.60,-1.70,9.20,100.90,7.50,12.50,6.40,18.70,315.60,0.00,82.00,0,210,776,30,30,30
1991-05-01,1991,5,1.20,10.70,-0.60,11.70,181.70,12.30,19.70,10.70,21.30,474.40,0.00,20.00,0,87,182,31,31,31
1991-06-01,1991,6,2.70,10.80,0.50,12.50,215.30,11.70,17.40,11.00,19.40,451.40,0.00,114.00,0,176,1278,30,30,30
1991-07-01,1991,7,10.00,14.80,7.90,16.40,380.70,16.70,24.30,15.20,25.10,615.80,0.00,99.00,0,195,951,31,31,31
1991-08-01,1991,8,7.00,13.40,5.80,14.50,320.00,16.50,21.30,15.80,23.70,591.70,0.00,38.00,0,90,349,31,31,31
1991-09-01,1991,9,1.40,11.70,-0.50,13.80,209.80,11.60,22.90,8.50,26.80,493.70,0.00,76.00,0,190,808,30,30,30
1991-10-01,1991,10,1.30,8.00,0.00,11.20,153.10,7.80,13.60,6.50,14.70,345.10,0.00,126.00,0,150,1201,31,31,31
1991-11-01,1991,11,-2.30,6.10,-3.50,8.20,42.90,5.10,11.10,2.50,12.00,241.80,1.00,73.00,0,255,1015,30,30,30
1991-12-01,1991,12,-4.50,2.40,-6.10,6.30,-21.00,0.80,11.00,-1.30,13.30,192.90,0.00,120.00,0,195,790,31,31,31
1992-01-01,1992,1,-5.20,4.00,-6.60,6.20,-31.80,2.00,9.20,1.70,13.70,194.80,0.00,58.00,0,265,673,31,31,31
1992-02-01,1992,2,-3.40,5.10,-8.10,7.00,8.20,5.30,10.70,3.10,13.00,230.70,0.00,61.00,0,64,613,29,29,29
1992-03-01,1992,3,-0.70,5.90,-2.80,7.30,75.50,5.30,12.10,4.20,14.10,262.50,0.00,78.00,0,133,981,31,31,31
1992-04-01,1992,4,-0.50,6.50,-1.50,7.80,89.40,7.30,12.80,5.10,15.00,314.60,0.00,71.00,0,128,731,30,30,30
1992-05-01,1992,5,1.50,9.60,-1.40,11.70,184.00,11.50,21.70,7.70,22.70,516.90,0.00,40.00,0,106,403,31,31,31
1992-06-01,1992,6,6.50,12.50,3.80,14.20,292.00,16.70,22.20,12.70,25.00,581.40,0.00,31.00,0,89,253,30,30,30
1992-07-01,1992,7,6.20,13.40,2.40,14.40,309.60,15.50,20.70,12.80,23.90,557.00,0.00,68.00,0,73,558,31,31,31
1992-08-01,1992,8,5.00,11.60,4.50,12.10,266.80,14.70,19.00,12.40,21.00,518.60,0.00,129.00,0,249,1600,31,31,31
1992-09-01,1992,9,3.60,10.70,2.80,12.40,222.30,12.50,15.80,11.40,17.80,430.50,0.00,100.00,0,191,1131,30,30,30
1992-10-01,1992,10,-2.60,7.00,-4.00,9.30,52.70,6.30,13.60,4.60,14.40,295.40,0.00,53.00,0,235,574,31,31,31
1992-11-01,1992,11,-3.00,2.60,-5.10,5.50,-2.20,5.00,14.20,3.90,15.80,242.60,0.00,89.00,0,205,1231,30,30,30
1992-12-01,1992,12,-8.30,1.50,-10.50,8.70,-57.10,0.90,9.30,-2.00,11.80,146.20,0.00,69.00,0,327,783,31,31,31
1993-01-01,1993,1,-1.60,1.30,-2.80,3.80,-4.20,3.80,9.10,1.00,11.30,209.40,0.00,172.00,0,297,2686,31,31,31
1993-02-01,1993,2,-1.50,8.20,-5.00,9.00,85.40,5.00,11.40,3.00,12.70,233.30,0.00,18.00,0,30,157,28,28,28
1993-03-01,1993,3,-2.40,4.80,-6.00,7.00,36.60,5.20,12.70,2.30,15.40,281.70,0.00,39.00,0,365,785,31,31,31
1993-04-01,1993,4,1.60,6.10,0.70,7.40,113.20,6.70,16.60,5.60,20.30,352.40,0.00,79.00,0,160,914,30,30,30
1993-05-01,1993,5,0.90,8.60,-1.80,11.10,159.10,10.30,19.00,6.50,21.50,443.90,0.00,74.00,0,221,884,31,31,31
1993-06-01,1993,6,6.10,11.90,2.80,14.80,276.70,14.60,21.80,9.20,23.00,524.50,0.00,39.00,0,144,480,30,30,30
1993-07-01,1993,7,5.90,12.40,3.30,13.40,296.60,14.20,19.50,13.30,20.20,523.60,0.00,65.00,0,192,756,31,31,31
1993-08-01,1993,8,4.40,11.80,2.70,13.00,263.70,14.80,20.00,11.70,24.00,534.00,0.00,39.00,0,155,492,31,31,31
1993-09-01,1993,9,0.70,10.80,-0.10,13.10,198.90,11.80,17.50,11.40,18.20,434.00,0.00,68.00,0,137,591,30,30,30
1993-10-01,1993,10,-1.70,8.70,-4.20,9.40,77.80,7.00,13.10,5.20,14.30,306.40,0.00,102.00,0,207,832,31,31,31
1993-11-01,1993,11,-7.40,5.70,-11.20,7.90,-24.00,1.10,9.60,-2.20,10.80,166.80,0.00,41.00,0,94,379,30,30,30
1993-12-01,1993,12,-6.30,1.90,-11.20,4.20,-64.80,2.00,8.90,-1.80,11.70,143.10,1.00,90.00,0,114,1022,31,31,31
1994-01-01,1994,1,-2.90,2.20,-5.30,5.20,-12.50,3.20,9.00,1.50,10.60,179.40,1.00,98.00,0,147,1365,31,31,31
1994-02-01,1994,2,-3.60,1.60,-12.20,3.30,-29.00,2.00,5.60,1.70,7.60,106.40,0.00,55.00,0,142,619,28,28,28
1994-03-01,1994,3,-1.80,4.30,-4.50,6.40,27.40,5.70,10.80,4.00,12.10,253.90,1.00,145.00,0,164,1769,31,31,31
1994-04-01,1994,4,-0.10,5.60,-3.20,9.90,76.40,6.50,15.20,3.20,16.60,309.80,0.00,72.00,0,103,635,30,30,30
1994-05-01,1994,5,-1.10,6.50,-1.80,10.70,90.80,11.00,16.90,9.40,20.40,433.40,0.00,8.00,0,60,166,31,31,31
1994-06-01,1994,6,5.60,10.50,4.40,13.80,251.90,13.90,20.20,10.90,24.90,499.00,0.00,65.00,0,248,876,30,30,30
1994-07-01,1994,7,7.50,13.50,5.50,15.30,328.50,16.60,21.80,15.20,23.30,592.10,0.00,32.00,0,75,305,31,31,31
1994-08-01,1994,8,5.80,12.70,3.60,14.80,286.80,15.00,20.90,13.70,21.60,552.50,0.00,88.00,0,186,713,31,31,31
1994-09-01,1994,9,3.60,9.50,2.60,12.00,209.90,11.30,17.90,10.30,21.70,439.00,0.00,25.00,0,99,388,30,30,30
1994-10-01,1994,10,1.10,8.10,-0.60,9.60,126.10,7.50,15.50,6.00,17.40,361.60,0.00,86.00,0,383,1179,31,31,31
1994-11-01,1994,11,1.50,8.30,-2.00,9.70,138.30,8.30,13.00,6.00,14.00,310.40,0.00,103.00,0,178,1200,30,30,30
1994-12-01,1994,12,-3.50,4.90,-7.40,6.70,5.60,2.20,10.80,0.10,13.80,197.40,0.00,130.00,0,211,1375,31,31,31
1995-01-01,1995,1,-7.30,1.80,-10.70,7.00,-38.20,2.60,10.50,1.20,12.00,183.70,0.00,100.00,0,194,1298,31,31,31
1995-02-01,1995,2,-4.60,1.70,-7.70,6.70,-14.20,3.80,9.30,1.60,11.50,182.00,1.00,134.00,0,301,1481,28,28,28
1995-03-01,1995,3,-3.40,2.10,-6.70,4.00,-22.00,3.50,11.90,2.40,15.10,224.60,1.00,72.00,0,116,726,31,31,31
1995-04-01,1995,4,-1.60,6.50,-2.20,9.30,89.30,8.10,16.00,6.60,19.70,358.20,0.00,14.00,0,96,203,30,30,30
1995-05-01,1995,5,-0.90,10.00,-3.70,11.10,144.40,10.40,17.20,8.90,21.20,441.70,0.00,68.00,0,142,676,31,31,31
1995-06-01,1995,6,4.80,10.70,3.20,11.20,236.30,13.40,26.90,12.90,28.90,578.80,0.00,18.00,0,52,180,30,30,30
1995-07-01,1995,7,7.30,13.80,5.50,17.20,331.70,17.70,25.80,15.20,27.00,641.60,0.00,45.00,0,202,545,31,31,31
1995-08-01,1995,8,7.20,12.20,5.60,15.10,316.50,18.20,27.10,16.60,27.80,703.00,0.00,15.00,0,49,155,31,31,31
1995-09-01,1995,9,2.00,11.00,-2.50,13.80,235.00,12.50,19.00,10.30,19.60,477.30,0.00,205.00,0,238,1386,30,30,30
1995-10-01,1995,10,3.20,9.40,-1.00,11.50,202.80,10.70,16.30,8.70,17.90,423.10,1.00,144.00,0,229,1708,31,31,31
1995-11-01,1995,11,-1.20,7.20,-2.50,9.80,90.00,6.20,11.20,4.20,14.30,272.00,0.00,82.00,0,119,667,30,30,30
1995-12-01,1995,12,-15.10,4.20,-18.20,7.00,-102.50,-3.10,7.80,-10.50,10.20,78.80,0.00,32.00,0,76,373,31,31,31
1996-01-01,1996,1,-1.20,5.60,-3.60,7.00,73.20,2.50,8.80,0.70,9.80,167.90,0.00,89.00,0,141,823,31,31,31
1996-02-01,1996,2,-5.50,1.70,-6.30,5.80,-42.90,1.70,8.40,-1.10,11.50,150.30,0.00,83.00,0,204,949,29,29,29
1996-03-01,1996,3,-1.20,3.90,-2.60,6.70,34.50,2.50,9.80,1.00,12.90,186.60,0.00,24.00,0,134,341,31,31,31
1996-04-01,1996,4,-0.70,7.60,-3.00,9.30,111.80,6.40,14.10,3.80,15.80,324.80,0.00,81.00,0,169,759,30,30,30
1996-05-01,1996,5,-2.00,6.30,-2.40,9.80,85.40,10.10,14.90,9.40,17.60,391.60,0.00,42.00,0,83,480,31,31,31
1996-06-01,1996,6,5.50,11.00,2.40,12.60,239.90,14.90,22.10,13.60,24.10,545.20,0.00,23.00,0,81,257,30,30,30
1996-07-01,1996,7,6.50,12.90,4.50,15.00,304.40,16.50,21.90,15.50,26.40,599.40,0.00,51.00,0,264,577,31,31,31
1996-08-01,1996,8,7.00,13.80,6.60,15.20,337.30,17.00,22.40,16.10,24.70,604.10,0.00,65.00,0,134,445,31,31,31
1996-09-01,1996,9,4.20,11.40,2.40,14.20,233.70,13.70,20.40,13.10,23.00,511.10,0.00,53.00,0,122,424,30,30,30
1996-10-01,1996,10,1.30,10.10,-0.30,11.20,176.80,10.80,15.30,7.90,17.60,403.50,1.00,143.00,0,166,1439,31,31,31
1996-11-01,1996,11,-6.10,6.60,-7.70,8.30,-25.90,1.30,10.90,-0.50,15.50,188.00,0.00,85.00,0,159,871,30,30,30
1996-12-01,1996,12,-4.10,3.00,-6.50,5.00,-31.00,1.50,7.50,0.00,8.40,140.80,0.00,70.00,0,147,482,31,31,31
1997-01-01,1997,1,-5.40,1.40,-7.40,5.00,-63.80,0.80,8.30,-0.60,13.10,145.00,0.00,30.00,0,42,177,31,31,31
1997-02-01,1997,2,-3.00,3.50,-6.00,5.80,15.20,5.40,10.90,4.50,12.10,223.00,1.00,166.00,0,257,1967,28,28,28
1997-03-01,1997,3,-1.60,5.40,-3.50,7.70,63.60,8.30,13.00,6.40,14.40,334.00,0.00,62.00,0,296,850,31,31,31
1997-04-01,1997,4,-1.80,8.80,-3.50,9.90,116.60,9.50,16.70,8.00,22.60,394.40,0.00,36.00,0,139,339,30,30,30
1997-05-01,1997,5,0.80,9.10,-1.50,11.00,165.00,9.90,23.00,7.20,24.70,461.30,0.00,117.00,0,336,1060,31,31,31
1997-06-01,1997,6,4.40,10.90,2.00,12.40,249.50,13.80,20.90,10.90,22.40,506.60,0.00,87.00,0,262,1022,30,30,30
1997-07-01,1997,7,8.00,13.80,6.50,14.30,332.20,17.10,24.20,14.20,25.20,627.40,0.00,63.00,0,85,428,31,31,31
1997-08-01,1997,8,5.90,16.10,4.50,18.10,366.70,16.90,24.50,14.70,26.70,647.50,0.00,29.00,0,120,391,31,31,31
1997-09-01,1997,9,3.90,12.00,0.10,13.40,224.50,13.70,18.50,12.00,20.00,485.60,0.00,44.00,0,178,480,30,30,30
1997-10-01,1997,10,-1.70,10.40,-3.80,12.70,143.40,8.40,16.90,7.10,18.60,392.50,0.00,35.00,0,59,284,31,31,31
1997-11-01,1997,11,0.40,9.30,-2.60,10.70,149.10,6.70,12.00,3.10,15.20,266.40,0.00,100.00,0,334,1363,30,30,30
1997-12-01,1997,12,-1.70,5.00,-2.50,8.40,61.40,5.10,10.30,2.10,13.70,208.40,0.00,118.00,0,159,937,31,31,31
1998-01-01,1998,1,-4.70,4.20,-6.60,7.50,-8.10,2.60,10.00,-0.60,12.70,180.60,0.00,110.00,0,273,1184,31,31,31
1998-02-01,1998,2,-1.10,9.90,-1.80,10.50,120.50,5.50,13.00,3.60,14.40,283.30,0.00,43.00,0,75,481,28,28,28
1998-03-01,1998,3,-3.00,7.00,-5.10,9.10,53.30,5.50,14.00,2.00,14.70,293.20,0.00,83.00,0,146,613,31,31,31
1998-04-01,1998,4,-2.40,6.60,-3.90,8.20,80.20,6.40,13.30,5.70,18.40,297.60,0.00,98.00,0,140,861,30,30,30
1998-05-01,1998,5,2.20,10.00,0.40,11.30,196.70,12.70,21.00,10.60,21.90,504.90,0.00,34.00,0,125,341,31,31,31
1998-06-01,1998,6,3.40,11.60,0.00,15.80,239.30,12.80,20.00,11.30,23.80,508.80,0.00,83.00,0,109,625,30,30,30
1998-07-01,1998,7,6.80,13.00,4.00,13.80,311.80,15.60,20.00,12.00,21.60,551.20,0.00,127.00,0,222,1041,31,31,31
1998-08-01,1998,8,5.30,13.20,2.50,13.90,304.00,16.00,20.90,12.60,22.40,551.50,0.00,90.00,0,161,664,31,31,31
1998-09-01,1998,9,6.20,12.90,2.20,14.30,280.40,13.40,20.10,12.60,24.40,492.10,0.00,76.00,0,222,716,30,30,30
1998-10-01,1998,10,-1.70,9.00,-3.40,10.70,105.40,7.70,14.10,6.80,15.00,324.80,0.00,130.00,0,170,1300,31,31,31
1998-11-01,1998,11,-4.90,4.50,-6.30,9.10,-3.40,4.40,11.50,-0.90,12.20,229.80,0.00,89.00,0,352,1114,30,30,30
1998-12-01,1998,12,-3.40,3.90,-6.80,5.90,7.00,2.50,12.50,-0.60,13.60,218.10,0.00,64.00,0,228,1063,31,31,31
1999-01-01,1999,1,-3.50,3.60,-5.20,5.20,1.80,2.60,8.20,0.50,10.90,168.20,0.00,151.00,0,236,1670,31,31,31
1999-02-01,1999,2,-2.50,1.80,-5.50,6.50,-7.40,3.50,10.10,1.10,13.10,180.70,0.00,62.00,0,154,745,28,28,28
1999-03-01,1999,3,-3.00,4.70,-5.00,8.50,48.00,5.70,12.10,5.40,16.20,294.20,0.00,53.00,0,93,536,31,31,31
1999-04-01,1999,4,-0.10,8.50,-5.40,10.10,122.00,6.90,16.40,5.60,20.20,364.40,0.00,68.00,0,227,749,30,30,30
1999-05-01,1999,5,2.00,9.40,0.20,11.00,197.90,12.30,18.80,9.20,21.10,463.80,0.00,83.00,0,188,869,31,31,31
1999-06-01,1999,6,4.90,10.40,1.70,11.80,234.20,13.10,20.00,12.60,22.40,498.70,0.00,83.00,0,100,723,30,30,30
1999-07-01,1999,7,6.60,14.70,3.60,16.00,344.70,16.50,24.70,15.90,25.10,620.40,0.00,59.00,0,104,529,31,31,31
1999-08-01,1999,8,3.90,12.20,1.50,13.60,267.10,15.10,24.70,14.20,25.90,576.90,0.00,38.00,0,94,364,31,31,31
1999-09-01,1999,9,5.10,14.00,4.00,16.40,292.50,13.50,21.40,10.50,22.30,498.40,0.00,108.00,0,314,1399,30,30,30
1999-10-01,1999,10,2.40,8.80,-0.90,10.50,175.10,10.30,14.50,8.80,17.00,374.70,0.00,35.00,0,120,597,31,31,31
1999-11-01,1999,11,-1.70,5.50,-2.40,9.50,54.20,5.60,12.40,4.40,13.60,275.40,0.00,121.00,0,230,1005,30,30,30
1999-12-01,1999,12,-5.40,1.50,-9.40,2.40,-48.80,1.60,8.10,0.10,10.00,143.40,0.00,89.00,0,382,1383,31,31,31
2000-01-01,2000,1,-2.50,3.20,-4.80,5.60,17.40,5.00,9.90,3.00,11.10,227.20,0.00,106.00,0,195,1147,31,31,31
2000-02-01,2000,2,-2.50,3.40,-5.50,6.40,10.00,4.30,10.20,3.00,13.30,199.60,1.00,89.00,0,191,1232,29,29,29
2000-03-01,2000,3,-2.00,8.00,-3.10,9.90,91.30,7.50,13.50,4.50,14.60,323.00,0.00,53.00,0,147,517,31,31,31
2000-04-01,2000,4,-2.20,6.00,-2.90,7.20,71.10,7.10,16.40,4.50,19.90,333.10,0.00,49.00,0,284,676,30,30,30
2000-05-01,2000,5,1.30,8.60,0.60,10.60,158.30,12.80,20.00,9.50,23.40,488.60,0.00,49.00,0,89,451,31,31,31
2000-06-01,2000,6,5.60,10.70,1.30,13.40,240.50,13.10,20.20,9.60,22.20,500.20,0.00,25.00,0,60,333,30,30,30
2000-07-01,2000,7,7.70,12.70,3.30,14.40,303.30,15.50,22.90,12.10,24.50,589.60,0.00,40.00,0,215,443,31,31,31
2000-08-01,2000,8,7.30,14.30,6.40,15.20,330.80,16.50,21.70,15.60,23.10,591.20,0.00,101.00,0,199,1139,31,31,31
2000-09-01,2000,9,4.90,11.60,2.50,12.60,270.70,13.30,18.40,12.40,19.80,480.90,0.00,113.00,0,367,1351,30,30,30
2000-10-01,2000,10,0.70,8.60,0.50,10.10,141.40,9.10,13.60,7.90,15.60,354.00,0.00,154.00,0,386,1573,31,31,31
2000-11-01,2000,11,-1.70,6.30,-3.00,6.50,36.70,5.60,9.80,5.00,11.10,235.50,0.00,84.00,0,95,712,30,30,30
2000-12-01,2000,12,-5.90,6.70,-8.50,7.00,36.30,1.00,9.50,0.50,10.70,178.80,0.00,140.00,0,170,1210,31,31,31
2001-01-01,2001,1,-7.60,1.70,-10.20,3.40,-71.50,0.10,6.10,-0.50,7.40,101.80,0.00,66.00,0,267,786,31,31,31
2001-02-01,2001,2,-4.90,1.10,-7.70,4.70,-47.00,2.10,9.60,1.40,10.60,157.50,0.00,67.00,0,184,645,28,28,28
2001-03-01,2001,3,-5.70,2.80,-9.50,4.50,-39.70,4.40,11.00,1.80,12.90,217.90,0.00,48.00,0,127,497,31,31,31
2001-04-01,2001,4,-0.90,4.90,-3.50,6.50,54.10,7.40,13.40,6.60,14.90,319.40,0.00,30.00,0,37,293,30,30,30
2001-05-01,2001,5,0.30,10.30,0.20,11.50,173.00,12.80,21.10,10.10,25.40,524.80,0.00,27.00,0,50,221,31,31,31
2001-06-01,2001,6,4.30,11.30,1.10,12.40,232.90,12.80,20.10,10.00,23.50,493.00,0.00,41.00,0,57,395,30,30,30
2001-07-01,2001,7,6.00,15.00,4.30,15.80,322.60,15.10,22.50,13.40,23.60,578.00,0.00,44.00,0,255,800,31,31,31
2001-08-01,2001,8,5.00,12.90,3.70,15.10,283.60,15.50,20.40,15.00,21.10,565.50,0.00,48.00,0,207,652,31,31,31
2001-09-01,2001,9,4.70,11.60,2.60,12.20,246.60,13.70,18.30,11.40,20.30,471.40,0.00,33.00,0,245,531,30,30,30
2001-10-01,2001,10,4.90,10.90,2.10,12.40,256.90,12.10,14.90,10.00,17.90,427.50,1.00,139.00,0,399,1954,31,31,31
2001-11-01,2001,11,-1.60,7.20,-2.40,11.20,82.10,6.20,12.60,2.60,15.70,286.20,0.00,49.00,0,128,584,30,30,30
2001-12-01,2001,12,-5.70,2.10,-8.80,5.70,-56.00,1.30,8.50,-0.50,11.60,149.30,0.00,34.00,0,212,576,31,31,31
2002-01-01,2002,1,-7.00,4.00,-12.60,4.90,-23.90,3.00,9.60,0.50,11.00,198.50,0.00,200.00,0,300,1848,31,31,31
2002-02-01,2002,2,-2.40,3.80,-5.00,6.00,3.50,4.50,9.60,3.00,10.40,188.20,1.00,126.00,0,261,1626,28,28,28
2002-03-01,2002,3,-2.10,5.10,-4.10,5.70,48.40,5.30,12.90,5.00,15.40,302.20,0.00,77.00,0,157,858,31,31,31
2002-04-01,2002,4,0.80,7.60,-2.50,9.30,123.90,9.10,15.30,8.50,17.10,364.40,0.00,33.00,0,114,390,30,30,30
2002-05-01,2002,5,0.00,9.90,-0.20,10.50,187.10,12.00,18.30,10.60,19.10,458.20,0.00,146.00,0,210,1345,31,31,31
2002-06-01,2002,6,7.30,11.90,2.70,12.50,278.70,13.80,19.00,13.00,22.50,491.90,1.00,95.00,0,285,1259,30,30,30
2002-07-01,2002,7,6.70,13.20,5.30,15.00,310.90,16.10,20.70,14.10,26.70,572.00,0.00,115.00,0,384,1528,31,31,31
2002-08-01,2002,8,6.90,14.00,2.60,16.10,333.70,16.40,23.10,14.00,23.90,609.80,0.00,113.00,0,150,907,31,31,31
2002-09-01,2002,9,3.30,10.40,1.10,12.70,234.70,14.80,19.10,14.10,20.60,503.00,0.00,22.00,0,160,305,30,30,30
2002-10-01,2002,10,-2.00,9.70,-5.70,10.10,87.70,6.00,15.00,4.10,17.10,312.10,0.00,109.00,0,171,1017,31,31,31
2002-11-01,2002,11,-0.10,6.60,-2.60,7.60,107.60,6.20,9.70,5.60,11.90,248.80,0.00,106.00,0,225,1259,30,30,30
2002-12-01,2002,12,-3.50,5.90,-5.90,6.40,73.10,2.00,8.60,-2.00,9.70,167.40,0.00,37.00,0,189,567,31,31,31
2003-01-01,2003,1,-7.00,5.20,-8.70,10.70,-17.10,0.20,12.00,-2.70,13.60,184.50,0.00,56.00,0,117,611,31,31,31
2003-02-01,2003,2,-6.40,3.10,-8.20,4.00,-39.40,2.60,9.10,2.00,10.10,170.30,0.00,34.00,0,177,439,28,28,28
2003-03-01,2003,3,-2.50,3.80,-6.80,5.20,20.80,8.10,14.90,7.00,17.60,354.10,0.00,63.00,0,181,668,31,31,31
2003-04-01,2003,4,0.10,7.60,-1.90,8.00,102.50,10.10,17.60,7.80,22.10,414.20,0.00,46.00,0,247,570,30,30,30
2003-05-01,2003,5,2.30,9.00,-0.10,12.00,190.30,11.70,17.60,10.80,22.10,445.80,1.00,65.00,0,113,827,31,31,31
2003-06-01,2003,6,6.60,12.50,5.50,13.50,300.80,15.90,20.50,14.40,21.70,547.10,0.00,29.00,0,119,399,30,30,30
2003-07-01,2003,7,8.50,15.10,5.00,16.40,367.00,17.40,24.70,16.00,26.40,631.50,0.00,34.00,0,132,527,31,31,31
2003-08-01,2003,8,6.10,14.10,4.50,16.50,310.50,17.10,26.00,16.70,27.60,646.10,0.00,17.00,0,35,135,31,31,31
2003-09-01,2003,9,3.10,10.40,0.50,12.00,202.00,12.60,19.70,11.00,22.40,504.30,0.00,32.00,0,56,315,30,30,30
2003-10-01,2003,10,-1.40,8.40,-4.10,10.60,111.80,8.00,14.10,5.20,16.20,344.90,0.00,11.00,0,60,140,31,31,31
2003-11-01,2003,11,-0.60,7.20,-1.60,8.00,96.10,5.10,14.60,3.20,16.30,282.90,0.00,75.00,0,230,1108,30,30,30
2003-12-01,2003,12,-4.30,2.00,-9.10,6.10,-30.20,1.50,9.50,-0.80,12.00,181.30,0.00,44.00,0,165,689,31,31,31
2004-01-01,2004,1,-1.50,5.00,-3.10,6.80,16.40,2.50,9.10,0.90,12.20,184.50,0.00,76.00,0,183,984,31,31,31
2004-02-01,2004,2,-3.50,4.00,-6.20,6.20,-7.10,3.20,11.00,2.50,14.50,212.40,0.00,42.00,0,97,387,29,29,29
2004-03-01,2004,3,-5.10,5.00,-7.10,7.50,32.60,6.10,13.00,5.00,15.70,297.60,0.00,56.00,0,102,465,31,31,31
2004-04-01,2004,4,1.00,7.50,-3.00,8.40,135.40,9.50,15.50,8.00,22.00,381.30,0.00,85.00,0,126,795,30,30,30
2004-05-01,2004,5,2.50,9.00,2.00,11.50,180.60,13.00,20.00,10.50,22.00,522.90,0.00,46.00,0,220,580,31,31,31
2004-06-01,2004,6,6.00,12.20,3.60,14.60,279.50,14.70,19.90,12.70,21.00,529.20,0.00,57.00,0,92,592,30,30,30
2004-07-01,2004,7,4.00,13.70,1.50,14.50,253.30,15.50,21.00,14.50,23.50,570.60,0.00,46.00,0,112,427,31,31,31
2004-08-01,2004,8,5.50,15.00,1.50,16.00,338.90,16.50,22.00,16.00,24.00,589.10,0.00,211.00,0,800,2108,31,31,31
2004-09-01,2004,9,4.10,9.40,3.00,14.20,222.00,13.00,19.50,12.00,22.10,480.90,0.00,75.00,0,122,787,30,30,30
2004-10-01,2004,10,1.00,7.50,-1.10,8.20,144.90,9.50,12.80,8.00,13.90,344.50,0.00,154.00,0,267,1669,31,31,31
2004-11-01,2004,11,-1.50,6.00,-3.40,8.20,63.10,6.30,12.50,1.20,12.90,210.80,0.00,41.00,0,101,435,24,23,30
2004-12-01,2004,12,-3.60,5.00,-9.50,6.20,-10.90,2.40,12.50,2.00,13.60,255.40,0.00,70.00,0,136,731,31,31,31
2009-06-01,2009,6,,,,,,27.10,27.10,27.10,27.10,27.10,,,,,,,1,
2009-07-01,2009,7,6.60,12.50,4.50,17.00,318.70,17.00,21.00,16.50,27.10,593.20,0.00,85.00,0,210,1082,31,31,31
2009-08-01,2009,8,7.90,12.80,5.40,14.90,314.60,16.10,21.40,15.30,21.80,571.50,0.00,113.00,0,159,1186,31,31,31
2009-09-01,2009,9,4.40,11.60,1.60,12.60,257.00,14.90,18.90,12.70,22.20,509.70,0.00,56.00,0,184,634,30,30,30
2009-10-01,2009,10,-0.40,10.20,-1.50,12.20,181.80,11.40,15.70,9.50,16.50,404.30,0.00,139.00,0,199,1153,31,31,31
2009-11-01,2009,11,-1.20,6.20,-6.00,7.40,45.30,4.90,11.40,3.00,12.20,246.70,0.00,156.00,0,293,1882,30,30,30
2009-12-01,2009,12,-13.10,1.30,-14.40,2.80,-158.10,1.10,8.50,-6.10,9.10,122.30,0.00,44.00,0,175,654,31,31,31
2010-01-01,2010,1,-8.20,1.40,-14.50,3.80,-83.20,0.00,5.90,-2.80,10.10,103.30,0.00,60.00,0,222,603,31,31,31
2010-02-01,2010,2,-8.70,1.40,-11.40,2.10,-93.40,3.60,6.10,1.00,8.50,141.50,0.00,31.00,0,163,493,28,28,28
2010-03-01,2010,3,-6.40,3.90,-8.40,6.90,-16.50,6.30,11.90,3.60,13.00,288.10,0.00,24.00,0,51,238,31,31,31
2010-04-01,2010,4,-0.60,6.90,-5.10,9.30,75.00,8.80,16.80,7.50,19.70,392.60,0.00,57.00,0,102,582,30,30,30
2010-05-01,2010,5,-1.00,9.00,-2.50,11.40,103.20,9.80,22.10,9.00,25.70,482.10,0.00,51.00,0,101,380,31,31,31
2010-06-01,2010,6,4.90,11.80,3.80,13.60,270.70,16.00,22.80,13.40,25.20,591.60,0.00,44.00,0,110,365,30,30,30
2010-07-01,2010,7,7.80,13.00,6.00,14.10,326.70,16.70,21.10,14.40,22.20,577.40,0.00,98.00,0,277,1140,31,31,31
2010-08-01,2010,8,6.30,12.20,3.50,12.70,288.00,16.00,21.10,14.90,24.60,576.90,0.00,56.00,0,94,620,31,31,31
2010-09-01,2010,9,4.80,12.00,0.80,13.30,228.70,13.40,19.90,12.80,22.20,457.30,0.00,82.00,0,226,1031,28,28,30
2010-10-01,2010,10,0.70,8.00,-2.00,9.30,115.80,8.60,14.60,6.70,15.90,328.30,0.00,97.00,0,241,923,28,28,31
2010-11-01,2010,11,-4.70,4.40,-7.10,5.70,-8.30,1.50,10.10,-2.60,10.80,176.20,0.00,147.00,0,229,1614,30,30,30
2010-12-01,2010,12,-12.90,0.50,-13.70,2.10,-207.60,-5.00,7.00,-7.50,8.80,21.80,0.00,16.00,0,38,122,31,31,31
2011-01-01,2011,1,-5.90,1.30,-8.90,4.90,-57.20,1.10,8.00,-0.20,9.10,128.90,0.00,72.00,0,313,787,31,31,31
2011-02-01,2011,2,-2.10,1.90,-3.40,5.00,-0.60,4.10,10.50,2.50,12.40,191.30,0.00,98.00,0,265,1283,28,28,28
2011-03-01,2011,3,-2.90,4.60,-5.20,7.30,27.70,5.60,14.20,3.80,15.40,303.10,0.00,79.00,0,138,741,31,31,31
2011-04-01,2011,4,-0.30,7.80,-1.00,10.10,117.10,12.80,19.00,11.50,21.20,489.00,0.00,24.00,0,97,267,30,30,30
2011-05-01,2011,5,0.30,9.90,-2.10,10.80,147.60,12.00,16.40,11.90,19.30,445.40,0.00,120.00,0,173,1155,31,31,31
2011-06-01,2011,6,3.90,9.60,1.10,11.30,202.70,14.00,19.00,12.90,26.00,499.00,0.00,61.00,0,134,683,30,30,30
2011-07-01,2011,7,5.40,12.50,4.90,13.10,277.60,16.80,21.80,14.60,23.80,598.60,0.00,78.00,0,280,973,31,31,31
2011-08-01,2011,8,6.90,12.30,4.00,14.90,286.80,14.60,19.30,12.60,22.50,525.00,0.00,114.00,0,357,1458,31,31,31
2011-09-01,2011,9,5.30,11.30,4.80,11.60,252.00,14.60,19.10,11.00,23.30,490.70,0.00,109.00,0,405,1468,30,30,30
2011-10-01,2011,10,2.00,10.20,0.50,12.50,196.10,10.20,15.60,7.20,17.00,393.80,3.00,73.00,0,142,1017,31,31,31
2011-11-01,2011,11,0.10,9.10,-1.50,9.80,149.90,9.10,13.10,6.00,15.10,328.70,0.00,129.00,0,185,1238,29,30,30
2011-12-01,2011,12,-3.20,0.90,-5.50,3.00,-28.60,2.70,11.70,1.00,15.90,184.80,3.00,118.00,0,168,1477,29,29,31
2012-01-01,2012,1,-3.90,1.50,-7.40,5.40,-36.20,2.80,9.40,1.30,12.10,181.80,0.00,77.00,0,360,1086,28,29,31
2012-02-01,2012,2,-6.50,4.70,-10.10,7.40,-16.10,2.50,14.00,0.00,14.60,249.80,0.00,19.00,0,65,275,29,29,29
2012-03-01,2012,3,-3.40,4.60,-5.50,5.80,25.50,9.30,19.40,6.50,21.60,405.10,0.00,16.00,0,31,116,31,31,31
2012-04-01,2012,4,-3.40,3.10,-6.90,4.00,2.30,7.30,12.60,5.70,16.90,310.10,0.00,71.00,0,182,785,30,30,30
2012-05-01,2012,5,-2.30,6.40,-3.40,12.50,91.60,8.70,24.50,7.00,25.30,457.30,0.00,72.00,0,111,565,31,31,31
2012-06-01,2012,6,1.70,9.20,-1.20,11.00,192.60,12.10,18.10,10.00,20.10,464.50,0.00,59.00,0,195,613,30,30,30
2012-07-01,2012,7,4.30,12.00,2.70,13.50,231.90,14.40,20.40,14.00,21.40,538.20,0.00,150.00,0,170,1005,31,31,31
2012-08-01,2012,8,5.00,12.50,-0.60,13.50,262.00,15.40,21.40,14.00,22.60,572.40,0.00,80.00,0,210,1201,31,31,31
2012-09-01,2012,9,0.10,10.90,-2.00,12.00,173.00,12.10,19.20,11.00,21.00,451.60,0.00,22.00,0,33,254,30,30,30
2012-10-01,2012,10,-1.50,6.30,-3.10,8.50,60.70,6.80,12.80,6.20,14.50,323.50,0.00,137.00,0,373,1210,31,31,31
2012-11-01,2012,11,-2.00,5.20,-3.90,6.90,27.60,4.40,11.40,2.30,13.70,235.20,0.00,72.00,0,167,753,30,30,30
2012-12-01,2012,12,-6.50,3.00,-9.20,3.90,-41.40,1.50,8.20,-3.60,13.00,155.10,0.00,156.00,0,257,1574,31,31,31
2013-01-01,2013,1,-2.00,3.40,-6.10,6.10,1.60,1.00,11.00,0.00,11.50,159.00,0.00,88.00,0,171,1027,31,31,31
2013-02-01,2013,2,-4.10,1.50,-5.90,2.00,-28.00,3.20,9.10,1.90,11.90,178.90,0.00,68.00,0,141,532,28,28,28
2013-03-01,2013,3,-5.40,0.50,-6.70,2.40,-60.50,2.50,7.30,1.00,11.10,154.10,0.00,14.00,0,130,280,31,31,31
2013-04-01,2013,4,-3.20,5.80,-4.00,7.50,39.60,5.80,12.80,3.00,13.90,299.40,0.00,81.00,0,115,572,30,30,30
2013-05-01,2013,5,1.60,9.10,0.10,11.00,151.00,10.10,19.20,9.10,21.20,454.40,0.00,66.00,0,296,750,31,31,31
2013-06-01,2013,6,4.60,11.50,1.70,12.00,251.20,15.30,19.60,14.10,22.00,527.40,0.00,32.00,0,182,399,30,30,30
2013-07-01,2013,7,9.40,15.00,6.70,16.40,370.60,18.30,27.00,17.80,27.90,684.30,0.00,82.00,0,140,662,31,31,31
2013-08-01,2013,8,8.00,12.80,5.80,15.00,279.40,17.40,21.00,15.40,22.70,496.00,0.00,52.00,0,70,391,27,26,31
2013-09-01,2013,9,3.90,11.50,0.10,13.70,219.60,12.60,20.00,9.60,21.50,465.90,0.00,51.00,0,69,411,30,30,30
2013-10-01,2013,10,1.10,11.50,-1.40,12.10,197.70,9.70,16.00,9.00,18.60,387.70,0.00,134.00,0,202,1527,31,31,31
2013-11-01,2013,11,-4.60,2.40,-5.00,7.00,-16.40,3.20,10.60,0.30,13.10,213.00,0.00,56.00,0,126,634,30,30,30
2013-12-01,2013,12,-1.20,5.40,-1.90,10.70,43.20,4.80,12.00,1.70,12.80,240.20,1.00,187.00,0,283,2510,31,31,31
2014-01-01,2014,1,-2.10,3.00,-3.90,4.10,22.40,4.00,7.00,2.10,8.00,147.40,4.00,139.00,0,217,2084,27,27,31
2014-02-01,2014,2,-1.30,3.50,-2.10,4.20,23.90,4.90,10.20,3.10,12.00,184.60,7.00,100.00,0,190,1582,26,26,28
2014-03-01,2014,3,-1.80,6.40,-5.50,7.40,53.90,7.10,13.00,6.40,14.00,316.60,0.00,80.00,0,202,784,31,31,31
2014-04-01,2014,4,-0.30,7.50,-2.10,8.30,119.00,9.40,18.00,6.90,19.30,367.20,0.00,56.00,0,169,536,28,28,30
2014-05-01,2014,5,3.20,9.30,0.50,11.60,205.90,12.40,18.80,9.90,21.00,480.50,0.00,34.00,0,65,395,31,31,31
2014-06-01,2014,6,7.30,11.60,4.70,13.10,289.00,16.00,21.60,14.20,26.70,562.70,0.00,94.00,0,155,738,30,30,30
2014-07-01,2014,7,6.20,12.90,5.40,15.40,321.30,17.90,24.70,16.30,26.80,645.50,0.00,68.00,0,112,469,31,31,31
2014-08-01,2014,8,5.20,12.00,0.20,14.10,275.80,14.40,19.50,12.80,20.60,529.10,0.00,95.00,0,385,1445,31,31,31
2014-09-01,2014,9,5.10,12.80,4.50,13.20,283.70,15.00,19.30,13.50,19.90,515.40,0.00,10.00,0,25,107,30,30,30
2014-10-01,2014,10,1.40,10.00,-1.60,11.80,172.70,10.00,15.00,9.00,16.50,387.60,0.00,146.00,0,324,1681,31,31,31
2014-11-01,2014,11,0.00,6.70,-1.60,8.90,115.00,6.70,11.10,4.20,11.90,271.70,1.00,95.00,0,281,1320,30,30,30
2014-12-01,2014,12,-5.30,1.50,-6.20,3.00,-37.00,2.50,9.90,-1.10,11.30,176.30,0.00,142.00,0,204,1540,31,31,31
2015-01-01,2015,1,-5.30,1.80,-8.40,2.20,-41.30,1.60,8.50,-1.90,13.00,152.70,0.00,145.00,0,182,1685,31,31,31
2015-02-01,2015,2,-3.50,2.40,-6.00,4.00,-17.80,3.30,9.50,2.20,11.20,188.90,0.00,62.00,0,175,605,28,28,28
2015-03-01,2015,3,-2.50,4.00,-3.50,7.00,26.00,5.20,12.70,4.00,13.60,275.80,0.00,94.00,0,109,867,31,31,31
2015-04-01,2015,4,-1.50,5.90,-2.50,8.30,51.40,8.50,18.90,7.30,21.20,411.80,0.00,44.00,0,91,474,30,30,30
2015-05-01,2015,5,1.00,7.30,-3.00,9.70,120.20,10.80,15.60,9.00,17.20,412.50,0.00,95.00,0,118,771,31,31,31
2015-06-01,2015,6,2.40,10.00,0.40,12.50,206.00,13.10,22.40,12.00,23.60,508.00,0.00,56.00,0,248,655,30,30,30
2015-07-01,2015,7,7.00,12.00,4.50,13.90,286.70,15.20,19.00,14.50,22.60,534.20,2.00,91.00,0,338,1409,31,31,31
2015-08-01,2015,8,4.20,12.00,3.40,13.70,273.20,16.50,20.50,15.00,22.00,561.20,0.00,93.00,0,209,1021,31,31,31
2015-09-01,2015,9,3.50,9.70,2.20,11.40,206.30,14.80,20.10,12.50,21.20,498.10,0.00,26.00,0,141,358,30,30,30
2015-10-01,2015,10,0.50,8.80,-0.50,9.80,118.90,10.00,14.90,9.60,16.80,399.40,0.00,74.00,0,148,671,31,31,31
2015-11-01,2015,11,-1.50,4.80,-2.70,8.00,46.50,5.20,12.10,3.00,13.20,262.90,4.00,145.00,0,194,1702,30,30,30
2015-12-01,2015,12,-1.90,6.10,-6.10,9.50,43.20,4.90,12.50,1.50,14.00,275.00,10.00,190.00,1,409,2940,31,31,31
2016-01-01,2016,1,-2.60,4.10,-2.80,4.50,10.10,3.50,12.10,1.00,14.50,135.80,0.00,203.00,0,287,2564,16,18,31
2016-02-01,2016,2,-5.50,1.00,-6.50,3.20,-50.60,4.50,8.10,2.00,9.50,186.30,0.00,101.00,0,135,860,29,29,29
2016-03-01,2016,3,-3.50,3.50,-4.10,5.50,3.70,6.90,12.50,5.00,13.60,292.00,0.00,49.00,0,214,563,31,30,31
2016-04-01,2016,4,-2.80,4.40,-3.60,5.00,17.10,8.20,14.20,7.20,17.00,233.10,0.00,64.00,0,116,521,21,21,30
2016-05-01,2016,5,1.00,7.60,-0.60,9.80,83.30,14.70,22.60,11.90,23.10,358.90,0.00,76.00,0,117,571,18,20,31
2016-06-01,2016,6,5.30,11.10,2.40,12.60,175.50,14.90,21.60,13.60,24.50,342.40,0.00,70.00,0,241,918,20,19,30
2016-07-01,2016,7,6.60,12.10,6.20,14.50,206.10,16.00,23.00,14.50,25.70,417.90,1.00,67.00,0,116,814,21,22,31
2016-08-01,2016,8,5.10,12.50,1.50,13.50,183.90,16.20,21.70,15.20,22.40,376.50,0.00,42.00,0,132,486,20,20,31
2016-09-01,2016,9,5.10,13.10,4.00,14.50,168.20,16.40,20.90,14.10,22.00,305.20,0.00,71.00,0,96,802,18,17,30
2016-10-01,2016,10,0.30,7.60,-1.70,8.00,82.40,10.90,14.80,10.20,14.90,284.00,0.00,37.00,0,158,589,20,22,31
2016-11-01,2016,11,-7.00,2.10,-7.60,3.60,-22.30,3.40,11.10,-0.40,14.10,133.40,0.00,43.00,0,135,490,15,18,30
2016-12-01,2016,12,-3.80,5.50,-3.90,6.00,15.90,3.50,13.50,1.90,15.00,92.90,,,,,,13,11,
2017-01-01,2017,1,-4.60,4.30,-4.70,6.30,7.00,4.40,10.20,2.80,10.60,135.60,0.00,58.00,0,87,527,17,19,31
2017-02-01,2017,2,-1.10,5.00,-5.10,7.00,38.50,4.00,11.40,3.00,13.40,211.20,0.00,101.00,0,151,897,27,28,28
2017-03-01,2017,3,-3.30,6.60,-4.20,9.60,32.10,7.60,14.40,6.20,16.90,225.90,0.00,53.00,0,115,659,31,21,31
2017-04-01,2017,4,0.00,7.40,-3.20,9.40,47.00,9.70,15.50,7.50,15.90,196.40,0.00,10.00,0,28,109,14,16,30
2017-05-01,2017,5,0.80,10.00,-1.00,12.00,168.30,15.50,20.00,12.40,25.90,314.20,0.00,41.00,0,74,404,31,18,31
2017-06-01,2017,6,7.90,12.90,4.90,13.70,192.00,13.80,20.90,12.60,22.60,210.50,0.00,89.00,0,359,1324,19,12,30
2017-07-01,2017,7,8.10,12.60,7.40,12.60,150.80,16.30,22.00,14.90,22.50,242.10,0.00,35.00,0,79,462,15,13,31
2017-08-01,2017,8,5.90,12.50,4.50,14.80,154.10,16.60,20.40,15.40,20.60,288.40,0.00,59.00,0,205,1015,17,16,31
2017-09-01,2017,9,6.90,11.30,2.10,12.10,110.10,16.80,17.70,16.80,17.70,69.10,0.00,100.00,0,270,999,13,4,30
2017-10-01,2017,10,3.60,8.60,-2.40,9.50,110.80,,,,,,0.00,73.00,0,132,836,18,,31
2017-11-01,2017,11,-1.90,2.60,-3.90,4.40,2.90,,,,,,0.00,71.00,0,112,644,17,,30
2017-12-01,2017,12,-6.40,4.40,-7.10,7.80,-8.50,,,,,,,,,,,12,,
2018-01-01,2018,1,-5.10,0.80,-10.10,1.60,-41.40,,,,,,0.00,70.00,0,192,973,17,,31
2018-02-01,2018,2,-5.50,0.60,-6.40,3.40,-36.50,-0.30,9.70,-0.80,9.90,64.70,0.00,36.00,0,43,342,19,14,28
2018-03-01,2018,3,-3.90,1.00,-5.60,4.20,-20.40,3.00,9.10,1.80,10.50,112.40,0.00,56.00,0,172,700,17,17,31
2018-04-01,2018,4,-1.70,5.30,-3.50,8.70,52.20,5.60,13.80,4.80,16.70,219.90,0.00,53.00,0,82,522,19,20,30
2018-05-01,2018,5,1.80,9.40,-1.60,10.50,174.40,13.20,22.70,10.20,25.10,562.60,0.00,22.00,0,140,363,31,31,31
2018-06-01,2018,6,6.20,12.80,4.20,14.00,286.90,15.20,26.00,13.00,31.20,607.10,0.00,37.00,0,127,438,30,30,30
2018-07-01,2018,7,7.50,13.60,5.10,14.00,332.40,18.50,24.40,15.90,26.00,658.60,0.00,62.00,0,141,644,31,31,31
2018-08-01,2018,8,5.10,12.60,2.40,15.20,284.30,15.50,21.10,12.20,22.80,557.00,0.00,48.00,0,111,524,31,31,31
2018-09-01,2018,9,2.50,9.90,0.40,12.10,204.90,12.70,18.00,12.40,20.70,450.00,0.00,65.00,0,242,841,30,30,30
2018-10-01,2018,10,-1.00,9.40,-3.50,11.40,121.70,6.80,14.90,5.40,17.20,365.90,0.00,46.00,0,147,614,29,31,31
2018-11-01,2018,11,0.50,7.10,-2.50,10.00,101.30,5.60,12.70,3.60,13.50,270.60,1.00,170.00,0,198,1555,30,30,30
2018-12-01,2018,12,-3.40,3.30,-3.50,4.70,-3.20,2.50,9.00,1.50,11.50,78.50,,,,,,12,13,
2019-01-01,2019,1,-5.80,5.40,-7.30,7.90,-20.80,2.60,10.50,-0.70,11.50,148.50,0.00,13.00,0,35,156,23,26,31
2019-02-01,2019,2,-3.60,4.00,-8.80,7.10,-2.20,4.60,13.80,3.30,15.30,269.50,0.00,49.00,0,117,525,28,28,28
2019-03-01,2019,3,-2.60,7.70,-4.00,9.50,63.00,6.50,12.30,2.40,15.30,285.70,0.00,81.00,0,182,952,31,31,31
2019-04-01,2019,4,-0.20,6.40,-3.30,8.50,61.30,8.20,18.50,6.00,21.00,378.90,0.00,38.00,0,60,320,19,30,30
2019-05-01,2019,5,1.70,8.90,-0.10,9.90,147.10,10.30,16.70,7.30,22.70,405.10,0.00,78.00,0,230,856,31,29,31
2019-06-01,2019,6,6.10,10.00,3.60,11.00,242.00,14.00,20.50,12.00,24.00,509.90,0.00,48.00,0,151,544,30,30,30
2019-07-01,2019,7,8.90,15.40,5.10,15.70,362.40,17.20,23.40,16.80,26.50,609.40,0.00,92.00,0,141,809,30,30,31
2019-08-01,2019,8,6.50,13.20,5.60,14.50,326.40,16.00,21.50,14.50,25.40,579.40,0.00,136.00,0,448,1795,31,31,31
2019-09-01,2019,9,4.30,11.00,1.70,12.80,225.70,13.30,17.80,12.70,20.70,480.20,0.00,78.00,0,162,781,30,30,30
2019-10-01,2019,10,-1.20,7.10,-2.00,8.30,94.50,8.00,12.90,7.00,14.20,330.20,0.00,52.00,0,189,658,31,31,31
2019-11-01,2019,11,-5.10,5.40,-7.90,6.70,19.00,3.00,9.60,-1.60,12.10,194.80,0.00,66.00,0,135,693,30,30,30
2019-12-01,2019,12,-3.50,4.50,-7.00,6.50,12.70,3.80,10.60,2.90,11.70,142.30,0.00,109.00,0,227,1347,31,20,31
2020-01-01,2020,1,-1.50,4.30,-4.60,6.10,31.30,4.40,12.00,2.50,13.80,253.90,0.00,80.00,0,151,1038,20,31,31
2020-02-01,2020,2,-3.20,1.50,-4.50,4.60,-14.80,4.60,8.60,2.70,10.40,180.80,1.00,207.00,0,304,2279,29,29,29
2020-03-01,2020,3,-2.90,4.70,-4.60,7.10,16.70,6.30,10.60,3.80,12.20,265.10,0.00,70.00,0,92,500,31,31,31
2020-04-01,2020,4,-2.10,4.30,-3.20,6.20,26.80,9.80,16.40,8.80,18.40,390.40,0.00,18.00,0,83,175,20,30,30
2020-05-01,2020,5,-0.10,9.80,-3.20,11.60,74.00,11.50,22.50,7.90,25.00,469.20,0.00,26.00,0,164,425,19,29,31
2020-06-01,2020,6,4.90,11.70,4.00,13.40,271.00,14.00,21.50,11.40,24.50,529.40,0.00,80.00,0,145,918,30,30,30
2020-07-01,2020,7,6.50,11.90,5.50,13.80,277.10,14.20,20.50,12.50,22.70,550.50,0.00,78.00,0,216,1067,31,31,31
2020-08-01,2020,8,5.40,14.80,3.00,16.00,222.00,14.80,21.40,13.20,26.20,557.70,0.00,74.00,0,193,788,21,31,31
2020-09-01,2020,9,1.90,11.60,-1.20,12.80,143.50,12.40,18.90,12.20,20.80,476.80,0.00,59.00,0,192,547,21,30,30
2020-10-01,2020,10,1.70,9.00,-0.90,9.50,106.60,8.70,13.30,7.90,16.20,354.00,0.00,152.00,0,448,1897,21,31,31
2020-11-01,2020,11,1.20,8.80,-0.80,10.00,80.70,6.10,13.00,5.50,14.70,290.10,0.00,54.00,0,105,714,19,30,30
2020-12-01,2020,12,-1.70,4.50,-3.80,5.00,23.30,5.10,8.60,0.60,11.50,131.80,1.00,106.00,0,241,1303,16,20,31
2021-01-01,2021,1,-5.10,1.50,-7.20,1.60,-39.70,0.50,5.20,0.00,9.70,89.20,0.00,65.00,0,159,706,19,31,31
2021-02-01,2021,2,-8.20,1.90,-11.10,3.00,-42.30,0.70,8.40,-1.10,10.60,58.90,0.00,110.00,0,229,1152,13,17,28
2021-03-01,2021,3,-1.90,7.30,-6.00,10.80,72.90,6.10,15.60,2.60,18.30,313.90,0.00,91.00,0,137,814,31,31,31
2021-04-01,2021,4,-1.70,3.80,-2.50,6.40,13.90,5.80,14.60,3.20,17.80,319.40,0.00,8.00,0,25,100,21,30,30
2021-05-01,2021,5,1.60,7.80,-0.60,8.00,98.30,8.90,18.80,6.60,21.50,414.20,0.00,61.00,0,334,1000,20,31,31
2021-06-01,2021,6,5.00,11.80,1.90,13.00,174.30,15.50,21.80,13.50,24.20,557.10,0.00,26.00,0,83,240,21,30,30
2021-07-01,2021,7,8.60,15.00,4.90,15.20,244.70,17.40,24.10,15.00,26.40,645.10,0.00,97.00,0,155,932,21,31,31
2021-08-01,2021,8,8.60,12.70,6.00,14.10,169.70,16.50,20.90,16.40,21.60,390.40,0.00,99.00,0,205,869,16,21,31
2021-09-01,2021,9,,,,,,,,,,,0.00,105.00,0,208,1033,,,30
2021-10-01,2021,10,,,,,,,,,,,1.00,135.00,0,316,1522,,,31
2021-11-01,2021,11,,,,,,,,,,,0.00,40.00,0,161,541,,,30
2021-12-01,2021,12,-1.00,3.10,-1.00,3.10,1.10,-0.20,-0.20,-0.20,-0.20,-0.20,0.00,90.00,0,173,815,4,1,31
2022-01-01,2022,1,0.30,0.30,0.30,0.30,0.30,2.00,9.00,1.20,10.00,46.20,0.00,51.00,0,101,427,1,8,31
